param_type,feature,intercept,positive_class,notes,imputer_median,scaler_mean,scaler_scale,coef_on_scaled
intercept,__INTERCEPT__,-2.3843197947817667,1,Prediction uses: z = (x_imputed - scaler_mean) / scaler_scale; logit = intercept + sum(coef_on_scaled * z),,,,
feature,age,-2.3843197947817667,1,,55.0,56.046886058032555,8.936717986956012,0.7854944831909685
feature,bmi,-2.3843197947817667,1,,26.197185773047885,26.96698986884152,4.718628559183741,0.5791315424363227
feature,history_surgery,-2.3843197947817667,1,,0.0,0.03591648973814579,0.1860819591014547,0.37402464079734576
feature,frequent_symptoms,-2.3843197947817667,1,,0.0,0.1664897381457891,0.37251967094092586,0.3387967981041429
feature,history_trauma,-2.3843197947817667,1,,0.0,0.14738145789101204,0.3544857737073971,0.25725588981382824
