param_type,feature,intercept,positive_class,notes,imputer_median,scaler_mean,scaler_scale,coef_on_scaled
intercept,__INTERCEPT__,-2.380171986628682,1,Prediction uses: z = (x_imputed - scaler_mean) / scaler_scale; logit = intercept + sum(coef_on_scaled * z),,,,
feature,age,-2.380171986628682,1,,55.0,56.05059260569609,8.940271275044767,0.7804692589506144
feature,bmi,-2.380171986628682,1,,26.19819510118322,26.967498563858687,4.718366174202108,0.5776118973410724
feature,history_surgery,-2.380171986628682,1,,0.0,0.03608703343357509,0.18650672763077242,0.3700909009223098
feature,frequent_symptoms,-2.380171986628682,1,,0.0,0.1666371837962144,0.37265162386964185,0.33692574862193997
feature,history_trauma,-2.380171986628682,1,,0.0,0.14753228374314523,0.3546357412848814,0.25649314996445544
